INSERT INTO `product_attribute` VALUES ('c24e1ea6-732c-4d1b-9b68-8b00b0441289', 'COLOR', 'Màu');
INSERT INTO `product_attribute` VALUES ('5ba4c891-64e6-4adb-a41d-a54c7a7d9647', 'SIZE', 'Size');

INSERT INTO `product_attribute_value` (`id`, `product_attribute_id`, `value`, `code`, `name`) VALUES ('65c0d9bf-ada0-4ddb-b679-4b65520cbced','5ba4c891-64e6-4adb-a41d-a54c7a7d9647', NULL,'S','S');
INSERT INTO `product_attribute_value` (`id`, `product_attribute_id`, `value`, `code`, `name`) VALUES ('46e0514d-d032-4f3d-9fc9-acd30a8d583b','5ba4c891-64e6-4adb-a41d-a54c7a7d9647', NULL,'M','M');
INSERT INTO `product_attribute_value` (`id`, `product_attribute_id`, `value`, `code`, `name`) VALUES ('c2bd9f03-d193-42c7-9b08-c679d23342e7','5ba4c891-64e6-4adb-a41d-a54c7a7d9647', NULL,'L','L');
INSERT INTO `product_attribute_value` (`id`, `product_attribute_id`, `value`, `code`, `name`) VALUES ('27698ad7-1554-4775-b4c9-288aef1f176a','5ba4c891-64e6-4adb-a41d-a54c7a7d9647', NULL,'XL','XL');
INSERT INTO `product_attribute_value` (`id`, `product_attribute_id`, `value`, `code`, `name`) VALUES ('f3732389-e655-49d6-94a0-cd7542753f64','5ba4c891-64e6-4adb-a41d-a54c7a7d9647', NULL,'29','29');
INSERT INTO `product_attribute_value` (`id`, `product_attribute_id`, `value`, `code`, `name`) VALUES ('df5ef0cd-577e-4658-9b1f-5be89430b1e5','5ba4c891-64e6-4adb-a41d-a54c7a7d9647', NULL,'30','30');
INSERT INTO `product_attribute_value` (`id`, `product_attribute_id`, `value`, `code`, `name`) VALUES ('b5d8eeaf-d1ec-4e73-84c5-6c910d81d98f','5ba4c891-64e6-4adb-a41d-a54c7a7d9647', NULL,'31','31');
INSERT INTO `product_attribute_value` (`id`, `product_attribute_id`, `value`, `code`, `name`) VALUES ('ebb8710b-9557-4b3d-ad06-370acf829b7b','5ba4c891-64e6-4adb-a41d-a54c7a7d9647', NULL,'32','32');
INSERT INTO `product_attribute_value` (`id`, `product_attribute_id`, `value`, `code`, `name`) VALUES ('004862b9-c80f-4591-b071-8e93bab39a15','5ba4c891-64e6-4adb-a41d-a54c7a7d9647', NULL,'33','33');
INSERT INTO `product_attribute_value` (`id`, `product_attribute_id`, `value`, `code`, `name`) VALUES ('0887c267-e399-4ebe-bf7d-eff7ecefd018','5ba4c891-64e6-4adb-a41d-a54c7a7d9647', NULL,'40','40');
INSERT INTO `product_attribute_value` (`id`, `product_attribute_id`, `value`, `code`, `name`) VALUES ('02a3004a-0077-44f4-bad0-ac73e4eff926','5ba4c891-64e6-4adb-a41d-a54c7a7d9647', NULL,'41','41');
INSERT INTO `product_attribute_value` (`id`, `product_attribute_id`, `value`, `code`, `name`) VALUES ('4fce560b-3086-4087-95fe-37fccc4b74af','5ba4c891-64e6-4adb-a41d-a54c7a7d9647', NULL,'42','42');
INSERT INTO `product_attribute_value` (`id`, `product_attribute_id`, `value`, `code`, `name`) VALUES ('9c547d1a-1775-42e1-8e29-4d6fa0f5ad7c','5ba4c891-64e6-4adb-a41d-a54c7a7d9647', NULL,'43','43');
INSERT INTO `product_attribute_value` (`id`, `product_attribute_id`, `value`, `code`, `name`) VALUES ('57928722-75ca-47fe-ab37-5a226838ac23','c24e1ea6-732c-4d1b-9b68-8b00b0441289', NULL,'XANHDEN','Xanh Đen');
INSERT INTO `product_attribute_value` (`id`, `product_attribute_id`, `value`, `code`, `name`) VALUES ('77fa944d-8163-4f42-8e89-9f05a83240ed','c24e1ea6-732c-4d1b-9b68-8b00b0441289', NULL,'BE','Be');
INSERT INTO `product_attribute_value` (`id`, `product_attribute_id`, `value`, `code`, `name`) VALUES ('52f0362a-e742-419b-8a1e-43ca4bdc9d18','c24e1ea6-732c-4d1b-9b68-8b00b0441289', NULL,'XANHDUONG','Xanh Dương');
INSERT INTO `product_attribute_value` (`id`, `product_attribute_id`, `value`, `code`, `name`) VALUES ('acc6d78b-8242-4691-ae6d-94e5d0f651dc','c24e1ea6-732c-4d1b-9b68-8b00b0441289', NULL,'XAMXANH','Xám Xanh');
INSERT INTO `product_attribute_value` (`id`, `product_attribute_id`, `value`, `code`, `name`) VALUES ('ec82a045-673a-4bc6-830e-00c549e45520','c24e1ea6-732c-4d1b-9b68-8b00b0441289', NULL,'DEN','Đen');
INSERT INTO `product_attribute_value` (`id`, `product_attribute_id`, `value`, `code`, `name`) VALUES ('4c00f200-164f-4366-975d-c993dcfd2dbc','c24e1ea6-732c-4d1b-9b68-8b00b0441289', NULL,'TRANG','Trắng');
INSERT INTO `product_attribute_value` (`id`, `product_attribute_id`, `value`, `code`, `name`) VALUES ('0adae1be-155b-4fac-ad65-1a8121823345','c24e1ea6-732c-4d1b-9b68-8b00b0441289', NULL,'XAM','Xám');
INSERT INTO `product_attribute_value` (`id`, `product_attribute_id`, `value`, `code`, `name`) VALUES ('60f22356-66de-43d0-9c89-dad63fd68f4c','c24e1ea6-732c-4d1b-9b68-8b00b0441289', NULL,'XANHVECHAI','Xanh Ve Chai');
INSERT INTO `product_attribute_value` (`id`, `product_attribute_id`, `value`, `code`, `name`) VALUES ('41464895-0fc2-405a-b990-9009a3f5a3fc','c24e1ea6-732c-4d1b-9b68-8b00b0441289', NULL,'KEM','Kem');
INSERT INTO `product_attribute_value` (`id`, `product_attribute_id`, `value`, `code`, `name`) VALUES ('1ca6b49b-c310-45cf-86ac-bf934dd400a5','c24e1ea6-732c-4d1b-9b68-8b00b0441289', NULL,'NAU','Nâu');
INSERT INTO `product_attribute_value` (`id`, `product_attribute_id`, `value`, `code`, `name`) VALUES ('f889a678-173d-4a12-a51d-a28b206b5af4','c24e1ea6-732c-4d1b-9b68-8b00b0441289', NULL,'XANHBIEN','Xanh Biển');
INSERT INTO `product_attribute_value` (`id`, `product_attribute_id`, `value`, `code`, `name`) VALUES ('6017566a-8d9f-4a88-bd7c-a7ee700a260a','c24e1ea6-732c-4d1b-9b68-8b00b0441289', NULL,'XANHLUC','Xanh Lục');
INSERT INTO `product_attribute_value` (`id`, `product_attribute_id`, `value`, `code`, `name`) VALUES ('7d797a43-7d44-427e-af5c-3bbe39547623','c24e1ea6-732c-4d1b-9b68-8b00b0441289', NULL,'XAMDAM','Xám Đậm');
INSERT INTO `product_attribute_value` (`id`, `product_attribute_id`, `value`, `code`, `name`) VALUES ('9a403b8f-cf55-4f5b-8c21-75a1144131d7','c24e1ea6-732c-4d1b-9b68-8b00b0441289', NULL,'XAMDEN','Xám Đen');
INSERT INTO `product_attribute_value` (`id`, `product_attribute_id`, `value`, `code`, `name`) VALUES ('7b25b9b3-569b-4c22-9634-1e9fcedb62af','c24e1ea6-732c-4d1b-9b68-8b00b0441289', NULL,'XAMCHI','Xám Chì');
INSERT INTO `product_attribute_value` (`id`, `product_attribute_id`, `value`, `code`, `name`) VALUES ('2bdf4de4-73a6-4ec6-92dc-ab7d3ab1e3db','c24e1ea6-732c-4d1b-9b68-8b00b0441289', NULL,'XANHBICH','Xanh Bích');
INSERT INTO `product_attribute_value` (`id`, `product_attribute_id`, `value`, `code`, `name`) VALUES ('c47a8760-84b6-45cb-a548-6f7cb5bf4a0c','c24e1ea6-732c-4d1b-9b68-8b00b0441289', NULL,'REUXAM','Rêu Xám');
INSERT INTO `product_attribute_value` (`id`, `product_attribute_id`, `value`, `code`, `name`) VALUES ('794b5cea-8c7a-4ce7-8c2c-c66984ad44c3','c24e1ea6-732c-4d1b-9b68-8b00b0441289', NULL,'XAMDAM','Xám Đậm');
INSERT INTO `product_attribute_value` (`id`, `product_attribute_id`, `value`, `code`, `name`) VALUES ('9432e5f8-31cb-4f64-bb84-8f474037691b','c24e1ea6-732c-4d1b-9b68-8b00b0441289', NULL,'XANHLAM','Xanh Lam');
INSERT INTO `product_attribute_value` (`id`, `product_attribute_id`, `value`, `code`, `name`) VALUES ('59c542c4-7f33-4450-b7e6-389c38971d39','c24e1ea6-732c-4d1b-9b68-8b00b0441289', NULL,'CAM','Cam');
INSERT INTO `product_attribute_value` (`id`, `product_attribute_id`, `value`, `code`, `name`) VALUES ('2190a672-aea4-4ef7-b3c8-5d3adf638908','c24e1ea6-732c-4d1b-9b68-8b00b0441289', NULL,'DO','Đỏ');
INSERT INTO `product_attribute_value` (`id`, `product_attribute_id`, `value`, `code`, `name`) VALUES ('0a507058-600e-404a-8aeb-1beaf48047f6','c24e1ea6-732c-4d1b-9b68-8b00b0441289', NULL,'DODO','Đỏ Đô');
INSERT INTO `product_attribute_value` (`id`, `product_attribute_id`, `value`, `code`, `name`) VALUES ('d6a449de-16f9-4b8d-880d-d1ef0c42678f','c24e1ea6-732c-4d1b-9b68-8b00b0441289', NULL,'XANHCOVIT','Xanh Cổ Vịt');
INSERT INTO `product_attribute_value` (`id`, `product_attribute_id`, `value`, `code`, `name`) VALUES ('b49bb01e-634d-4b1a-aa23-2f514b57ec75','c24e1ea6-732c-4d1b-9b68-8b00b0441289', NULL,'XAMNAU','Xám Nâu');
INSERT INTO `product_attribute_value` (`id`, `product_attribute_id`, `value`, `code`, `name`) VALUES ('21ad3d11-c917-44c9-8e4e-bf947618bc89','c24e1ea6-732c-4d1b-9b68-8b00b0441289', NULL,'TRANGDEN','Trắng Đen');
INSERT INTO `product_attribute_value` (`id`, `product_attribute_id`, `value`, `code`, `name`) VALUES ('5f998de2-2f05-4a5e-8179-d01e115ce5d0','c24e1ea6-732c-4d1b-9b68-8b00b0441289', NULL,'XAMREU','Xám Rêu');
INSERT INTO `product_attribute_value` (`id`, `product_attribute_id`, `value`, `code`, `name`) VALUES ('f5828884-2c68-4123-b97d-92d748951f29','c24e1ea6-732c-4d1b-9b68-8b00b0441289', NULL,'XANHBICH','Xanh Bích');
INSERT INTO `product_attribute_value` (`id`, `product_attribute_id`, `value`, `code`, `name`) VALUES ('d97281fb-741d-44f9-9952-b1c4d8638369','c24e1ea6-732c-4d1b-9b68-8b00b0441289', NULL,'HONG','Hồng');
INSERT INTO `product_attribute_value` (`id`, `product_attribute_id`, `value`, `code`, `name`) VALUES ('9d1032f9-375d-4ebe-a90f-aeb46551ba47','c24e1ea6-732c-4d1b-9b68-8b00b0441289', NULL,'XANHDQ','Xanh Dạ Quang');
INSERT INTO `product_attribute_value` (`id`, `product_attribute_id`, `value`, `code`, `name`) VALUES ('ec2ae439-87b6-4a1c-bc23-4d6c512f97c9','c24e1ea6-732c-4d1b-9b68-8b00b0441289', NULL,'TIMVANG','Tím Vàng');
INSERT INTO `product_attribute_value` (`id`, `product_attribute_id`, `value`, `code`, `name`) VALUES ('f0f7c16c-1847-4c36-a413-7a981436a2fd','c24e1ea6-732c-4d1b-9b68-8b00b0441289', NULL,'TIMHONG','Tím Hồng');
INSERT INTO `product_attribute_value` (`id`, `product_attribute_id`, `value`, `code`, `name`) VALUES ('9c38f5a2-148f-46f3-8181-25e17da3c8da','c24e1ea6-732c-4d1b-9b68-8b00b0441289', NULL,'NAUNHAT','Nâu Nhạt');
INSERT INTO `product_attribute_value` (`id`, `product_attribute_id`, `value`, `code`, `name`) VALUES ('7524adb2-2db9-4df5-98fb-38511a34856c','c24e1ea6-732c-4d1b-9b68-8b00b0441289', NULL,'DENTRANG','Đen Trắng');
INSERT INTO `product_attribute_value` (`id`, `product_attribute_id`, `value`, `code`, `name`) VALUES ('5052958d-c6be-4992-abd6-97b5dbc6ba00','c24e1ea6-732c-4d1b-9b68-8b00b0441289', NULL,'XANHLAM','Xanh Lá');
INSERT INTO `product_attribute_value` (`id`, `product_attribute_id`, `value`, `code`, `name`) VALUES ('b3f9552c-a327-4db8-a833-28405291c6d3','c24e1ea6-732c-4d1b-9b68-8b00b0441289', NULL,'TIM','Tím');
INSERT INTO `product_attribute_value` (`id`, `product_attribute_id`, `value`, `code`, `name`) VALUES ('db38ab69-6fb2-46ff-bb76-dedd34829252','c24e1ea6-732c-4d1b-9b68-8b00b0441289', NULL,'VANGNGHE','Vàng Nghệ');
INSERT INTO `product_attribute_value` (`id`, `product_attribute_id`, `value`, `code`, `name`) VALUES ('c9b79649-115b-458f-a351-3e9cb07aea19','c24e1ea6-732c-4d1b-9b68-8b00b0441289', NULL,'NAUKEM','Nâu Kem');
INSERT INTO `product_attribute_value` (`id`, `product_attribute_id`, `value`, `code`, `name`) VALUES ('a5a8674b-ad88-431a-96f7-db188fd680bc','c24e1ea6-732c-4d1b-9b68-8b00b0441289', NULL,'XANHLUC','Xanh Lục');
INSERT INTO `product_attribute_value` (`id`, `product_attribute_id`, `value`, `code`, `name`) VALUES ('80333cdc-f724-4a70-b7a4-05d5a7c22cac','c24e1ea6-732c-4d1b-9b68-8b00b0441289', NULL,'NAUCAFE','Nâu Cafe');
INSERT INTO `product_attribute_value` (`id`, `product_attribute_id`, `value`, `code`, `name`) VALUES ('dabf0fe3-a957-407c-9dfe-d008e0c9cf65','c24e1ea6-732c-4d1b-9b68-8b00b0441289', NULL,'HONGNHAT','Hồng Nhạt');
INSERT INTO `product_attribute_value` (`id`, `product_attribute_id`, `value`, `code`, `name`) VALUES ('15055853-ce69-4fd1-a300-9515157098b6','c24e1ea6-732c-4d1b-9b68-8b00b0441289', NULL,'DENCAM','Đen Cam');
INSERT INTO `product_attribute_value` (`id`, `product_attribute_id`, `value`, `code`, `name`) VALUES ('745b1165-7d2b-41b9-ab3f-44d2f696024b','c24e1ea6-732c-4d1b-9b68-8b00b0441289', NULL,'TRANGXANH','Trắng Xanh');

INSERT INTO `category` (`id`, `code`, `name`) VALUES ('fa629340-ff78-4042-ba1c-7b3bef208572', 'AOTHUN', 'Áo thun');
INSERT INTO `category` (`id`, `code`, `name`) VALUES ('a3852759-bfbb-4689-a646-a3f90ec3a118', 'AOKHOAC', 'Áo khoác');
INSERT INTO `category` (`id`, `code`, `name`) VALUES ('2f54e6e9-25b0-4076-9ee4-ecb36ca0dbe6', 'AOSOMI', 'Áo sơ mi');
INSERT INTO `category` (`id`, `code`, `name`) VALUES ('9754b8cf-376a-4043-8919-c3debc0cdd57', 'QUAN', 'Quần');
INSERT INTO `category` (`id`, `code`, `name`) VALUES ('96d98fe0-d594-44e4-be3f-8db5dc29efe7', 'PHUKIEN', 'Phụ kiện');
INSERT INTO `category` (`id`, `code`, `name`) VALUES ('eeb51d7a-f597-433a-abae-584913e0b314', 'BALO', 'Balo');
INSERT INTO `category` (`id`, `code`, `name`) VALUES ('bf8bbfac-617c-4813-aa29-9f5653b675fc', 'TUI', 'Túi');
INSERT INTO `category` (`id`, `code`, `name`) VALUES ('20095d3b-8c2f-4ef2-a4fc-46e0f361df03', 'GIAYDEP', 'Giày dép');

INSERT INTO `product_group` (`id`, `code`, `category_id`, `name`) VALUES ('3c5c7463-f95e-4eca-a669-d821b595c2ca', 'AOPOLO', 'fa629340-ff78-4042-ba1c-7b3bef208572','Áo Polo');
INSERT INTO `product_group` (`id`, `code`, `category_id`, `name`) VALUES ('f169f0d5-e42c-4092-97f7-4be43e33693e', 'COTRONTC', 'fa629340-ff78-4042-ba1c-7b3bef208572','Cổ tròn form tiêu chuẩn');
INSERT INTO `product_group` (`id`, `code`, `category_id`, `name`) VALUES ('a4f24ea0-4be5-4289-b1e8-63d39c3d4844', 'COTRONFR', 'fa629340-ff78-4042-ba1c-7b3bef208572','Cổ tròn form rộng');
INSERT INTO `product_group` (`id`, `code`, `category_id`, `name`) VALUES ('be609c14-bcf8-414d-a019-bf1f3f750474', 'THUN3LO', 'fa629340-ff78-4042-ba1c-7b3bef208572','Áo thun 3 Lỗ');
INSERT INTO `product_group` (`id`, `code`, `category_id`, `name`) VALUES ('fe27169d-d2fe-4af9-a553-304934d9a17d', 'THUNST', 'fa629340-ff78-4042-ba1c-7b3bef208572','Áo Thun Sweater');
INSERT INTO `product_group` (`id`, `code`, `category_id`, `name`) VALUES ('85946680-da36-4496-963e-3ffc7771b6b1', 'THUNTG', 'fa629340-ff78-4042-ba1c-7b3bef208572','Áo thun Tối Giản');
INSERT INTO `product_group` (`id`, `code`, `category_id`, `name`) VALUES ('e5a08391-4e2f-4963-9f17-1e6bebae7f05', 'KHOACCN', 'a3852759-bfbb-4689-a646-a3f90ec3a118','Áo khoác Chống Nắng');
INSERT INTO `product_group` (`id`, `code`, `category_id`, `name`) VALUES ('6ebe6aab-4659-45a8-8f39-8823d3b15ed0', 'KHOACCO', 'a3852759-bfbb-4689-a646-a3f90ec3a118','Áo khoác Chống Nắng Cổ');
INSERT INTO `product_group` (`id`, `code`, `category_id`, `name`) VALUES ('696f2948-8e1f-48db-9168-9a059695064e', 'KHOACV', 'a3852759-bfbb-4689-a646-a3f90ec3a118','Áo khoác Varsity');
INSERT INTO `product_group` (`id`, `code`, `category_id`, `name`) VALUES ('3a37bf43-8ae1-412f-83bc-7c54dff0cf26', 'KHOACB', 'a3852759-bfbb-4689-a646-a3f90ec3a118','Áo khoác Bomber');
INSERT INTO `product_group` (`id`, `code`, `category_id`, `name`) VALUES ('722a41d4-ab48-4fbb-b7c1-961fae41bfef', 'KHOACC', 'a3852759-bfbb-4689-a646-a3f90ec3a118','Áo khoác Cardigan');
INSERT INTO `product_group` (`id`, `code`, `category_id`, `name`) VALUES ('b54c8851-f196-4b33-823c-363dd840bc76', 'KHOACH', 'a3852759-bfbb-4689-a646-a3f90ec3a118','Áo khoác Hoodie');
INSERT INTO `product_group` (`id`, `code`, `category_id`, `name`) VALUES ('282c2afa-499c-46ef-976e-fda413043225', 'SOMIDAI', '2f54e6e9-25b0-4076-9ee4-ecb36ca0dbe6','Áo sơ mi tay dài');
INSERT INTO `product_group` (`id`, `code`, `category_id`, `name`) VALUES ('d96b498e-e7f3-4787-ac7c-4a22f574c782', 'SOMINGAN', '2f54e6e9-25b0-4076-9ee4-ecb36ca0dbe6','Áo sơ mi tay ngắn');
INSERT INTO `product_group` (`id`, `code`, `category_id`, `name`) VALUES ('f1730aba-3138-475c-9bd8-2c72cecd3f15', 'SOMICD', '2f54e6e9-25b0-4076-9ee4-ecb36ca0dbe6','Áo sơ mi cổ Cuban / Danton');
INSERT INTO `product_group` (`id`, `code`, `category_id`, `name`) VALUES ('9348b6c7-15f7-40ce-9ab9-8080ad755e0f', 'QUANTAY', '9754b8cf-376a-4043-8919-c3debc0cdd57','Quần Tây');
INSERT INTO `product_group` (`id`, `code`, `category_id`, `name`) VALUES ('a670bc09-a086-4097-8454-21f1735be137', 'QUANJG', '9754b8cf-376a-4043-8919-c3debc0cdd57','Quần Jogger');
INSERT INTO `product_group` (`id`, `code`, `category_id`, `name`) VALUES ('2abb89e1-ba57-4832-9233-e4589c9d75f1', 'QUANJ', '9754b8cf-376a-4043-8919-c3debc0cdd57','Quần Jean');
INSERT INTO `product_group` (`id`, `code`, `category_id`, `name`) VALUES ('ba7bcdae-c21a-40ff-8b9b-ce533226428f', 'QUANDAI', '9754b8cf-376a-4043-8919-c3debc0cdd57','Quần Dài Vải');
INSERT INTO `product_group` (`id`, `code`, `category_id`, `name`) VALUES ('ce9a0a3a-cf02-46b6-a080-cf718efb80d4', 'QUANSHORT', '9754b8cf-376a-4043-8919-c3debc0cdd57','Quần Short');
INSERT INTO `product_group` (`id`, `code`, `category_id`, `name`) VALUES ('aa218867-a007-4866-a208-d4b850a6b406', 'QUANLOT', '9754b8cf-376a-4043-8919-c3debc0cdd57','Quần Lót');
INSERT INTO `product_group` (`id`, `code`, `category_id`, `name`) VALUES ('b271d84c-e70b-4ec7-9e92-f42727663ae1', 'DAYNIT', '96d98fe0-d594-44e4-be3f-8db5dc29efe7','Dây Nịt Da');
INSERT INTO `product_group` (`id`, `code`, `category_id`, `name`) VALUES ('6e38c938-ab85-44ba-af92-93f21ee42a22', 'VIDA', '96d98fe0-d594-44e4-be3f-8db5dc29efe7','Ví Da');
INSERT INTO `product_group` (`id`, `code`, `category_id`, `name`) VALUES ('bc992cff-6d05-4243-bb04-d895b0bac64a', 'NON', '96d98fe0-d594-44e4-be3f-8db5dc29efe7','Nón');
INSERT INTO `product_group` (`id`, `code`, `category_id`, `name`) VALUES ('d6183b9e-0863-4e7e-8bd7-1606bdf339c3', 'TAT', '96d98fe0-d594-44e4-be3f-8db5dc29efe7','Tất - Vớ');
INSERT INTO `product_group` (`id`, `code`, `category_id`, `name`) VALUES ('20c3b893-96f9-4477-9c7b-51ed7d9c7d3e', 'BALO', 'eeb51d7a-f597-433a-abae-584913e0b314','Balo');
INSERT INTO `product_group` (`id`, `code`, `category_id`, `name`) VALUES ('b5e1d3db-d596-44a4-badb-d93e12b1d69d', 'TUI', 'bf8bbfac-617c-4813-aa29-9f5653b675fc','Túi');
INSERT INTO `product_group` (`id`, `code`, `category_id`, `name`) VALUES ('37b8670e-4342-46b6-bf07-ee35221bfd84', 'GIAYDEP', '20095d3b-8c2f-4ef2-a4fc-46e0f361df03','Giày Dép SX 2023');

INSERT INTO `provider` (`id`, `code`, `name`, `address`) VALUES ('c545cde5-5e73-48cd-a597-b045c79e6cc8', 'TONGKHOYAME', 'Tổng kho yame', 'Sài gòn');

INSERT INTO user_type VALUES ('bce1f07f-314d-4b12-ae19-2f65017ab019', 'Admin');
INSERT INTO user_type VALUES ('e4ad9289-aaf2-48e3-8faa-70686a255648', 'Nhân viên');

INSERT INTO user_permission VALUES ('da2cb086-110a-43c8-8a3a-b17e944a6989', 'bce1f07f-314d-4b12-ae19-2f65017ab019', 'CUSTOMER_MANAGEMENT');
INSERT INTO user_permission VALUES ('c4766ad3-d8c7-483e-b308-5e493bb104da', 'bce1f07f-314d-4b12-ae19-2f65017ab019', 'USER_MANAGEMENT');
INSERT INTO user_permission VALUES ('03d39375-3d9b-4876-97c0-b446034bada5', 'bce1f07f-314d-4b12-ae19-2f65017ab019', 'PRODUCT_MANAGEMENT');
INSERT INTO user_permission VALUES ('2485a629-00b9-45bc-9f15-7c1d38fb8257', 'bce1f07f-314d-4b12-ae19-2f65017ab019', 'PROVIDER_MANAGEMENT');
INSERT INTO user_permission VALUES ('64c9da4a-72aa-4606-913e-26e15d3e689d', 'e4ad9289-aaf2-48e3-8faa-70686a255648', 'PRODUCT_MANAGEMENT');